group,company,position,salary,url,work_mode,published,expires
Smart Vision Systems,Chromasens,Living and working at Lake ConstanceProfessionals and Career starters Internship and Theses,Not mentioned,https://chromasens.de/en/career,Not mentioned,Not mentioned,Not mentioned
Smart Vision Systems,Euresys,Experienced FPGA Engineer,Not mentioned,https://www.euresys.com/en/job/experienced-fpga-engineer/,Not mentioned,Not mentioned,Not mentioned
Smart Vision Systems,Alliedvision,Career Love where you work How we work The focus is on the employee Onboarding Personal development Feedback discussions Health Management Why Allied ,Not mentioned,https://www.alliedvision.com/en/about-us/career/,Not mentioned,Not mentioned,Not mentioned
Smart Vision Systems,Tkhsecurity,Careers,Not mentioned,https://tkhsecurity.com/contact-careers/,Not mentioned,Not mentioned,Not mentioned
Smart Vision Systems,Liberty-Robotics,Large Body Positioning,Not mentioned,https://liberty-robotics.com/large-body-positioning/,Not mentioned,Not mentioned,Not mentioned
Smart Vision Systems,Dewetron,加入我们的团队,Not mentioned,https://www.dewetron.com/cn/about-us/career/,Not mentioned,Not mentioned,Not mentioned
Smart Vision Systems,Alliedvision,Customs Specialist (m/f/d),Not mentioned,https://www.alliedvision.com/en/career/jobs/detail/customs-specialist-mfd/,Not mentioned,Not mentioned,Not mentioned
Smart Vision Systems,Jobs,Unsolicited application Europe,Not mentioned,https://jobs.alliedvision.com/persis/public?fn=bm.jobs.form&projectID=37419239&configKey=(BE(SW50ZXJuZXQ(1&referrer=website_EN&pd_id=PD_ZTVVVGFxMFlCWC9KWU1QWDJFK29sUT09&__rdf=1,Not mentioned,Not mentioned,Not mentioned
Smart Vision Systems,Tkhsecurity,Working at TKH Security,Not mentioned,https://tkhsecurity.com/us/careers/,Not mentioned,Not mentioned,Not mentioned
Smart Vision Systems,Alliedvision,Production Technician,Not mentioned,https://www.alliedvision.com/en/career/jobs/detail/production-technician/,Not mentioned,Not mentioned,Not mentioned
Smart Vision Systems,Lmitechnologies,Senior Vision Software Engineer (3D Metrology & Algorithms),Not mentioned,https://lmitechnologies.applytojob.com/apply/W4mMsNuD7d/Senior-Vision-Software-Engineer-3D-Metrology-Algorithms,Hybrid,Not mentioned,Not mentioned
Smart Vision Systems,Alliedvision,Your tasksYour profileYour benefitsGot any questions? We are here for you.,Not mentioned,https://www.alliedvision.com/en/career/jobs/detail/unsolicited-application-europe/,Not mentioned,Not mentioned,Not mentioned
Smart Vision Systems,Lmitechnologies,Vision Software QA Specialist,Not mentioned,https://lmitechnologies.applytojob.com/apply/lcQkNkIB4f/Vision-Software-QA-Specialist,Not mentioned,Not mentioned,Not mentioned
Other,Alliedvision,开放职位 没有匹配的工作岗位？您可以主动发送求职简历给我们！ 有疑问？ 我们乐意为您提供帮助。,Not mentioned,https://www.alliedvision.cn/cn/career/jobs-1/,Not mentioned,Not mentioned,Not mentioned
Smart Vision Systems,Lmitechnologies,Mechanical Product Designer II,Not mentioned,https://lmitechnologies.applytojob.com/apply/JsxVrP3OA1/Mechanical-Product-Designer-II,Hybrid,Not mentioned,Not mentioned
Other,Info,Trying to apply for a job?,Not mentioned,https://info.jazzhr.com/job-seekers.html,Remote,Not mentioned,Not mentioned
Smart Vision Systems,Alliedvision,Application/ Technical Engineer (m/f/d),Not mentioned,https://www.alliedvision.com/en/career/jobs/detail/application-technical-engineer-mfd/,Not mentioned,Not mentioned,Not mentioned
Smart Vision Systems,Lmitechnologies,Your Career in 3D Starts HereCurrent Openings,Not mentioned,http://lmitechnologies.applytojob.com/apply/,Not mentioned,Not mentioned,Not mentioned
Smart Vision Systems,Alliedvision,Software Developer (m/f/d),Not mentioned,https://www.alliedvision.com/en/career/jobs/detail/software-developer-mfd/,Hybrid,Not mentioned,Not mentioned
Smart Vision Systems,Lmitechnologies,Vision Software Developer II,Not mentioned,https://lmitechnologies.applytojob.com/apply/ySdd3Vb895/Vision-Software-Developer-II,Not mentioned,Not mentioned,Not mentioned
Smart Vision Systems,Alliedvision,Intralogistics Specialist (m/w/d),Not mentioned,https://www.alliedvision.com/en/career/jobs/detail/intralogistics-specialist-mwd/,Not mentioned,Not mentioned,Not mentioned
Smart Vision Systems,Lmitechnologies,Sales Engineer,Not mentioned,https://lmitechnologies.applytojob.com/apply/e49AR78W2E/Sales-Engineer,Not mentioned,Not mentioned,Not mentioned
Smart Vision Systems,Alliedvision,Teamlead Product Management (m/w/d) Custom Products & Smart Cameras,Not mentioned,https://www.alliedvision.com/en/career/jobs/detail/teamlead-product-management-mwd-custom-products-smart-cameras/,Not mentioned,Not mentioned,Not mentioned
Smart Vision Systems,Lmitechnologies,Field Application Engineer,Not mentioned,https://lmitechnologies.applytojob.com/apply/bmXlU8ygpq/Field-Application-Engineer,Not mentioned,Not mentioned,Not mentioned
Smart Vision Systems,Alliedvision,Job Opportunities No matching job found? Send us a proactive job application! ご質問が御座いましたら お気軽にお問合せ下さい。,Not mentioned,https://www.alliedvision.com/jp/career/jobs/,Not mentioned,Not mentioned,Not mentioned
Smart Vision Systems,Lmitechnologies,Vision Software Engineer,Not mentioned,https://lmitechnologies.applytojob.com/apply/4KHDOYLcNB/Vision-Software-Engineer,Not mentioned,Not mentioned,Not mentioned
Smart Vision Systems,Alliedvision,Strategic Purchaser (m/f/d) Image Sensors & Optical Components,Not mentioned,https://www.alliedvision.com/en/career/jobs/detail/team-lead-purchasing-mechanics-accessories-mfd/,Hybrid,Not mentioned,Not mentioned
Smart Vision Systems,Lmitechnologies,Field Application Engineer (Liberty Robotics),Not mentioned,https://lmitechnologies.applytojob.com/apply/bmWeRvWIHJ/Field-Application-Engineer-Liberty-Robotics,Hybrid,Not mentioned,Not mentioned
Smart Vision Systems,Lmitechnologies,Field Application Engineer,Not mentioned,https://lmitechnologies.applytojob.com/apply/DAO0OlMZBE/Field-Application-Engineer,Not mentioned,Not mentioned,Not mentioned
Smart Vision Systems,Lmitechnologies,Lead Mechanical (Automation) Engineer,Not mentioned,https://lmitechnologies.applytojob.com/apply/Bvw27rMpUI/Lead-Mechanical-Automation-Engineer,Hybrid,Not mentioned,Not mentioned
Smart Vision Systems,Lmitechnologies,Field Application Engineer,Not mentioned,https://lmitechnologies.applytojob.com/apply/hpIPATeH1b/Field-Application-Engineer,Not mentioned,Not mentioned,Not mentioned
Smart Vision Systems,Lmitechnologies,Field Application Engineer,Not mentioned,https://lmitechnologies.applytojob.com/apply/RPic9oFGXc/Field-Application-Engineer,Not mentioned,Not mentioned,Not mentioned
Smart Vision Systems,Lmitechnologies,Field Application Engineer,Not mentioned,https://lmitechnologies.applytojob.com/apply/utsTxzQrJ8/Field-Application-Engineer,Not mentioned,Not mentioned,Not mentioned
Smart Vision Systems,Lmitechnologies,Automation Technician II,Not mentioned,https://lmitechnologies.applytojob.com/apply/3mfyb3Eavm/Automation-Technician-II,Not mentioned,Not mentioned,Not mentioned
Smart Vision Systems,Lmitechnologies,Systems Quality Specialist,Not mentioned,https://lmitechnologies.applytojob.com/apply/wYFHR4NhK8/Systems-Quality-Specialist,Hybrid,Not mentioned,Not mentioned
Smart Vision Systems,Dewetron,Join our team,Not mentioned,https://www.dewetron.com/about-us/career//,Remote,Not mentioned,Not mentioned
Smart Vision Systems,Lmitechnologies,Field Application Engineer,Not mentioned,https://lmitechnologies.applytojob.com/apply/T0Ox8DyFux/Field-Application-Engineer,Not mentioned,Not mentioned,Not mentioned
Other,Schneider-Intercom,Werde Teil des Schneider Intercom Teams Jobangebote,Not mentioned,https://www.schneider-intercom.de/de/ueber-uns/jobs/starten-sie-ihre-karriere/?country=de,On-site,Not mentioned,Not mentioned
Smart Vision Systems,Mextal,Field Engineer,Not mentioned,https://www.mextal.com/vacatures/field-engineer/,Remote,Not mentioned,Not mentioned
Smart Vision Systems,Lmitechnologies,Field Application Engineer,Not mentioned,https://lmitechnologies.applytojob.com/apply/2a43nUv23D/Field-Application-Engineer,Not mentioned,Not mentioned,Not mentioned
Smart Vision Systems,Mextal,Accountmanager,Not mentioned,https://www.mextal.com/vacatures/accountmanager/,Remote,Not mentioned,Not mentioned
Smart Vision Systems,Commend,Job offers around the world,Not mentioned,https://www.commend.com/en/jobs/jobs-at-commend-worldwide/,Not mentioned,Not mentioned,Not mentioned
Other,Schneider-Intercom,Join Team Schneider Intercom Job Offers,Not mentioned,https://www.schneider-intercom.de/en/about-us/jobs/start-your-career/?country=de,Not mentioned,Not mentioned,Not mentioned
Smart Vision Systems,Lmitechnologies,Manufacturing Technologist,Not mentioned,https://lmitechnologies.applytojob.com/apply/TsQs5OIluS/Manufacturing-Technologist,Not mentioned,Not mentioned,Not mentioned
Smart Vision Systems,Mextal,Netwerk Engineer,Not mentioned,https://www.mextal.com/vacatures/netwerk-engineer/,Hybrid,Not mentioned,Not mentioned
Smart Vision Systems,Lmitechnologies,Field Application Engineer (Liberty Robotics),Not mentioned,https://lmitechnologies.applytojob.com/apply/ZIu20OaqRi/Field-Application-Engineer-Liberty-Robotics,Hybrid,Not mentioned,Not mentioned
Smart Vision Systems,Commend,Jobs bei Commend,Not mentioned,https://www.commend.com/de/jobs/,On-site,Not mentioned,Not mentioned
Smart Vision Systems,Lmitechnologies,Solution Project Engineer,Not mentioned,https://lmitechnologies.applytojob.com/apply/DrcXd3trI6/Solution-Project-Engineer,Not mentioned,Not mentioned,Not mentioned
Smart Manufacturing Systems,Vmi,Research internship R&D – Gear pump efficiency,Not mentioned,https://careers-vmi.com/vacature/research-internship-rd-prediction-of-gear-pump-efficiency/,Remote,Not mentioned,Not mentioned
Smart Connectivity Systems,Ee-Cables,Co-operative Training to Engineer level at E&E Kabeltechnik,Not mentioned,https://ee-cables.com/en/jobs/dual-university-course/,Hybrid,Not mentioned,Not mentioned
Smart Vision Systems,Lmitechnologies,Solution Project Engineer,Not mentioned,https://lmitechnologies.applytojob.com/apply/CBly0ahDKC/Solution-Project-Engineer,Not mentioned,Not mentioned,Not mentioned
Smart Connectivity Systems,Ee-Cables,Professional Training at E&E Cable Solutions,Not mentioned,https://ee-cables.com/en/jobs/professional-training/,Hybrid,Not mentioned,Not mentioned
Smart Manufacturing Systems,Vmi,Business Controller,Not mentioned,https://careers-vmi.com/vacature/business-controller/,Not mentioned,Not mentioned,Not mentioned
Smart Vision Systems,Lmitechnologies,"Software Development Manager, Computer Vision",Not mentioned,https://lmitechnologies.applytojob.com/apply/svKZ8wSpCo/Software-Development-Manager-Computer-Vision,Hybrid,Not mentioned,Not mentioned
Smart Connectivity Systems,Ee-Cables,Work Experience at the cable manufacturer E&E Cable Solutions,Not mentioned,https://ee-cables.com/en/jobs/work-experience/,Hybrid,Not mentioned,Not mentioned
Smart Manufacturing Systems,Vmi,Research internship R&D – Drum design,Not mentioned,https://careers-vmi.com/vacature/research-internship-rd-drum-design-for-high-speed-brake-unit/,Remote,Not mentioned,Not mentioned
Smart Vision Systems,Lmitechnologies,Software Developer II (C++ & 3D Sensor Platforms),Not mentioned,https://lmitechnologies.applytojob.com/apply/BLdCwVGfR4/Software-Developer-II-C-3D-Sensor-Platforms,Hybrid,Not mentioned,Not mentioned
Smart Connectivity Systems,Ee-Cables,We are looking forward to meeting you!,Not mentioned,https://ee-cables.com/en/jobs/information-for-applicants/,Hybrid,Not mentioned,Not mentioned
Smart Manufacturing Systems,Vmi,Manager Order Engineering – Passenger Tire,Not mentioned,https://careers-vmi.com/vacature/manager-order-engineering-passenger-tire/,Not mentioned,Not mentioned,Not mentioned
Smart Connectivity Systems,Ee-Cables,Karriere,Not mentioned,https://ee-cables.com/karriere/,Hybrid,Not mentioned,Not mentioned
Smart Manufacturing Systems,Vmi,Contact,Not mentioned,https://careers-vmi.com/contact/,Not mentioned,Not mentioned,Not mentioned
Smart Manufacturing Systems,Vmi,Research internship R&D – Smart Bobbin Loading System,Not mentioned,https://careers-vmi.com/vacature/research-internship-rd-automatic-bobbin-loading-system/,Remote,Not mentioned,Not mentioned
Smart Manufacturing Systems,Vmi,Research internship – Case design tooling,Not mentioned,https://careers-vmi.com/vacature/research-internship-i-case-design-tooling/,Not mentioned,Not mentioned,Not mentioned
Smart Manufacturing Systems,Vmi,Vakgebieden,Not mentioned,https://careers-vmi.com/vakgebieden/,Not mentioned,Not mentioned,Not mentioned
Smart Manufacturing Systems,Vmi,BOL & BBL,Not mentioned,https://careers-vmi.com/stages/bol-bbl/,Not mentioned,Not mentioned,Not mentioned
Smart Manufacturing Systems,Vmi,VMI als werkgever,Not mentioned,https://careers-vmi.com/vmi-als-werkgever/,Not mentioned,Not mentioned,Not mentioned
Smart Manufacturing Systems,Vmi,Cultuur,Not mentioned,https://careers-vmi.com/vmi-als-werkgever/cultuur/,Not mentioned,Not mentioned,Not mentioned
Smart Manufacturing Systems,Vmi,Meewerkstage Global Service – Upgrade Calculator Tool,Not mentioned,https://careers-vmi.com/vacature/meewerkstage-global-service-opbrengt-van-een-investering-tool/,Not mentioned,Not mentioned,Not mentioned
Smart Manufacturing Systems,Vmi,Onderzoeksstage Cost Engineering – Buislaser Technologie,Not mentioned,https://careers-vmi.com/vacature/onderzoeksstage-cost-engineering-verbindingen-voor-buislaser-toepassingen/,Not mentioned,Not mentioned,Not mentioned
Smart Manufacturing Systems,Vmi,Perron038,Not mentioned,https://careers-vmi.com/stages/perron038/,Not mentioned,Not mentioned,Not mentioned
Smart Manufacturing Systems,Vmi,Productie,Not mentioned,https://careers-vmi.com/vakgebied/productie/,Not mentioned,Not mentioned,Not mentioned
Smart Manufacturing Systems,Vmi,Stages,Not mentioned,https://careers-vmi.com/stages/,Not mentioned,Not mentioned,Not mentioned
Smart Manufacturing Systems,Vmi,Duurzame inzetbaarheid & MVO,Not mentioned,https://careers-vmi.com/vmi-als-werkgever/duurzame-inzetbaarheid/,Not mentioned,Not mentioned,Not mentioned
Smart Manufacturing Systems,Vmi,Engineering,Not mentioned,https://careers-vmi.com/vakgebied/engineering/,Remote,Not mentioned,Not mentioned
Smart Manufacturing Systems,Vmi,Secundaire arbeidsvoorwaarden,Not mentioned,https://careers-vmi.com/vmi-als-werkgever/secundaire-arbeidsvoorwaarden/,Not mentioned,Not mentioned,Not mentioned
Smart Manufacturing Systems,Vmi,Global Manager QEHS,Not mentioned,https://careers-vmi.com/vacature/global-manager-qehs/,Not mentioned,Not mentioned,Not mentioned
Smart Manufacturing Systems,Vmi,Introductie & Onboarding stagiairs,Not mentioned,https://careers-vmi.com/stages/introductie-onboarding-stagiairs/,Not mentioned,Not mentioned,Not mentioned
Smart Manufacturing Systems,Vmi,Research assignment – PLC Version Control,Not mentioned,https://careers-vmi.com/vacature/research-assignment-version-control/,Not mentioned,Not mentioned,Not mentioned
Smart Manufacturing Systems,Vmi,Electrical Engineer – Order Engineering,Not mentioned,https://careers-vmi.com/vacature/electrical-engineer-order-engineering/,Remote,Not mentioned,Not mentioned
Smart Manufacturing Systems,Vmi,Onderzoeksstage – R&D – Style guide,Not mentioned,https://careers-vmi.com/vacature/onderzoeksstage-digital-engineering-style-guide/,On-site,Not mentioned,Not mentioned
Smart Manufacturing Systems,Vmi,Onderzoeksstage – Testopstelling Ovenbandgeleiding,Not mentioned,https://careers-vmi.com/vacature/onderzoeksstage-i-testopstelling-ovenbandgeleiding/,Not mentioned,Not mentioned,Not mentioned
Smart Connectivity Systems,Isolectra,Vacatures,Not mentioned,https://isolectra.nl/nl/over-ons/vacatures/,Not mentioned,Not mentioned,Not mentioned
Smart Connectivity Systems,Careers,Select which cookies you accept,Not mentioned,https://careers.tkh-airportsolutions.com/jobs/6120536-system-test-engineer,Not mentioned,2025-07-01T15:54:02+,Not mentioned
Smart Manufacturing Systems,Vmi,Senior Remote Support Engineer,Not mentioned,https://careers-vmi.com/vacature/senior-remote-support-engineer/,Remote,Not mentioned,Not mentioned
Smart Connectivity Systems,Careers,Select which cookies you accept,Not mentioned,https://careers.tkh-airportsolutions.com/departments/hr,Hybrid,Not mentioned,Not mentioned
Smart Connectivity Systems,Careers,Select which cookies you accept,Not mentioned,https://careers.tkh-airportsolutions.com/departments/it,Not mentioned,Not mentioned,Not mentioned
Smart Manufacturing Systems,Vmi,Verhalen,Not mentioned,https://careers-vmi.com/verhalen/,Not mentioned,Not mentioned,Not mentioned
Smart Connectivity Systems,Careers,Select which cookies you accept,Not mentioned,https://careers.tkh-airportsolutions.com/stories,Not mentioned,Not mentioned,Not mentioned
Smart Manufacturing Systems,Vmi,Meewerkstage – VMI Academy,Not mentioned,https://careers-vmi.com/vacature/meewerkstage-vmi-academy/,Not mentioned,Not mentioned,Not mentioned
Smart Connectivity Systems,Careers,Selecteer welke cookies je accepteert,Not mentioned,https://careers.tkh-airportsolutions.com/nl,Hybrid,Not mentioned,Not mentioned
Smart Manufacturing Systems,Vmi,Werken & Leren,Not mentioned,https://careers-vmi.com/vmi-als-werkgever/werken-leren/,Not mentioned,Not mentioned,Not mentioned
Smart Connectivity Systems,Careers,Select which cookies you accept,Not mentioned,https://careers.tkh-airportsolutions.com/jobs,Hybrid,Not mentioned,Not mentioned
Smart Manufacturing Systems,Vmi,Afstudeeropdracht – Duurzaamheid,Not mentioned,https://careers-vmi.com/vacature/onderzoeksstage-duurzaamheid/,Not mentioned,Not mentioned,Not mentioned
Smart Connectivity Systems,Careers,Select which cookies you accept,Not mentioned,https://careers.tkh-airportsolutions.com/,Hybrid,Not mentioned,Not mentioned
Smart Manufacturing Systems,Vmi,Introductie & Onboarding,Not mentioned,https://careers-vmi.com/vmi-als-werkgever/introductie-onboarding/,Not mentioned,Not mentioned,Not mentioned
Smart Connectivity Systems,Careers,Select which cookies you accept,Not mentioned,https://careers.tkh-airportsolutions.com/departments,Not mentioned,Not mentioned,Not mentioned
Smart Connectivity Systems,Careers,Select which cookies you accept,Not mentioned,https://careers.tkh-airportsolutions.com/en/connect/login,Not mentioned,Not mentioned,Not mentioned
Smart Connectivity Systems,Careers,Select which cookies you accept,Not mentioned,https://careers.tkh-airportsolutions.com/jobs/6536136-intern-marketing,Hybrid,2025-09-30T10:37:34+,Not mentioned
Smart Connectivity Systems,Careers,Select which cookies you accept,Not mentioned,https://careers.tkh-airportsolutions.com/cookie-policy,Not mentioned,Not mentioned,Not mentioned
Smart Connectivity Systems,Careers,Select which cookies you accept,Not mentioned,https://careers.tkh-airportsolutions.com/departments/design-project,Not mentioned,Not mentioned,Not mentioned
Smart Connectivity Systems,Careers,Select which cookies you accept,Not mentioned,https://careers.tkh-airportsolutions.com/jobs/6734866-regional-sales-director-agl,Remote,2025-11-10T14:23:35+,Not mentioned
Smart Connectivity Systems,Careers,Select which cookies you accept,Not mentioned,https://careers.tkh-airportsolutions.com/departments/marketing,Hybrid,Not mentioned,Not mentioned
Smart Connectivity Systems,Careers,Select which cookies you accept,Not mentioned,https://careers.tkh-airportsolutions.com/departments/r-d,Not mentioned,Not mentioned,Not mentioned
Smart Connectivity Systems,Careers,Select which cookies you accept,Not mentioned,https://careers.tkh-airportsolutions.com/jobs/4601798-open-application-internship,Hybrid,2024-06-12T11:44:03+,Not mentioned
group,company,position,salary,url,work_mode,published,expires
Smart Vision Systems,Alliedvision,Intralogistics Specialist (m/w/d),Not mentioned,https://www.alliedvision.com/en/career/jobs/detail/intralogistics-specialist-mwd/,Not mentioned,Not mentioned,Not mentioned
Smart Vision Systems,Lmitechnologies,Field Application Engineer (Liberty Robotics),Not mentioned,https://lmitechnologies.applytojob.com/apply/bmWeRvWIHJ/Field-Application-Engineer-Liberty-Robotics,Hybrid,Not mentioned,Not mentioned
Smart Vision Systems,Tkhsecurity,Working at TKH Security,Not mentioned,https://tkhsecurity.com/us/careers/,Not mentioned,Not mentioned,Not mentioned
Smart Vision Systems,Alliedvision,Production Technician,Not mentioned,https://www.alliedvision.com/en/career/jobs/detail/production-technician/,Not mentioned,Not mentioned,Not mentioned
Smart Vision Systems,Liberty-Robotics,Large Body Positioning,Not mentioned,https://liberty-robotics.com/large-body-positioning/,Not mentioned,Not mentioned,Not mentioned
Smart Vision Systems,Dewetron,加入我们的团队,Not mentioned,https://www.dewetron.com/cn/about-us/career/,Not mentioned,Not mentioned,Not mentioned
Other,Schneider-Intercom,Join Team Schneider Intercom Job Offers,Not mentioned,https://www.schneider-intercom.de/en/about-us/jobs/start-your-career/?country=de,Not mentioned,Not mentioned,Not mentioned
Smart Vision Systems,Tkhsecurity,Careers,Not mentioned,https://tkhsecurity.com/contact-careers/,Not mentioned,Not mentioned,Not mentioned
Smart Vision Systems,Alliedvision,Teamlead Product Management (m/w/d) Custom Products & Smart Cameras,Not mentioned,https://www.alliedvision.com/en/career/jobs/detail/teamlead-product-management-mwd-custom-products-smart-cameras/,Not mentioned,Not mentioned,Not mentioned
Smart Vision Systems,Lmitechnologies,Sales Engineer,Not mentioned,https://lmitechnologies.applytojob.com/apply/e49AR78W2E/Sales-Engineer,Not mentioned,Not mentioned,Not mentioned
Smart Vision Systems,Commend,Job offers around the world,Not mentioned,https://www.commend.com/en/jobs/jobs-at-commend-worldwide/,Not mentioned,Not mentioned,Not mentioned
Smart Vision Systems,Dewetron,Join our team,Not mentioned,https://www.dewetron.com/about-us/career//,Remote,Not mentioned,Not mentioned
Other,Schneider-Intercom,Werde Teil des Schneider Intercom Teams Jobangebote,Not mentioned,https://www.schneider-intercom.de/de/ueber-uns/jobs/starten-sie-ihre-karriere/?country=de,On-site,Not mentioned,Not mentioned
Smart Vision Systems,Commend,Jobs bei Commend,Not mentioned,https://www.commend.com/de/jobs/,On-site,Not mentioned,Not mentioned
Smart Vision Systems,Lmitechnologies,Systems Quality Specialist,Not mentioned,https://lmitechnologies.applytojob.com/apply/wYFHR4NhK8/Systems-Quality-Specialist,Hybrid,Not mentioned,Not mentioned
Other,Info,Trying to apply for a job?,Not mentioned,https://info.jazzhr.com/job-seekers.html,Remote,Not mentioned,Not mentioned
Smart Vision Systems,Lmitechnologies,Software Developer II (C++ & 3D Sensor Platforms),Not mentioned,https://lmitechnologies.applytojob.com/apply/BLdCwVGfR4/Software-Developer-II-C-3D-Sensor-Platforms,Hybrid,Not mentioned,Not mentioned
Smart Vision Systems,Lmitechnologies,Field Application Engineer,Not mentioned,https://lmitechnologies.applytojob.com/apply/2a43nUv23D/Field-Application-Engineer,Not mentioned,Not mentioned,Not mentioned
Smart Vision Systems,Lmitechnologies,Field Application Engineer,Not mentioned,https://lmitechnologies.applytojob.com/apply/DAO0OlMZBE/Field-Application-Engineer,Not mentioned,Not mentioned,Not mentioned
Smart Vision Systems,Lmitechnologies,Senior Vision Software Engineer (3D Metrology & Algorithms),Not mentioned,https://lmitechnologies.applytojob.com/apply/W4mMsNuD7d/Senior-Vision-Software-Engineer-3D-Metrology-Algorithms,Hybrid,Not mentioned,Not mentioned
Smart Vision Systems,Lmitechnologies,Field Application Engineer,Not mentioned,https://lmitechnologies.applytojob.com/apply/bmXlU8ygpq/Field-Application-Engineer,Not mentioned,Not mentioned,Not mentioned
Smart Vision Systems,Lmitechnologies,Manufacturing Technologist,Not mentioned,https://lmitechnologies.applytojob.com/apply/TsQs5OIluS/Manufacturing-Technologist,Not mentioned,Not mentioned,Not mentioned
Smart Vision Systems,Lmitechnologies,Field Application Engineer,Not mentioned,https://lmitechnologies.applytojob.com/apply/RPic9oFGXc/Field-Application-Engineer,Not mentioned,Not mentioned,Not mentioned
Smart Vision Systems,Lmitechnologies,Vision Software Developer II,Not mentioned,https://lmitechnologies.applytojob.com/apply/ySdd3Vb895/Vision-Software-Developer-II,Not mentioned,Not mentioned,Not mentioned
Smart Vision Systems,Lmitechnologies,"Software Development Manager, Computer Vision",Not mentioned,https://lmitechnologies.applytojob.com/apply/svKZ8wSpCo/Software-Development-Manager-Computer-Vision,Hybrid,Not mentioned,Not mentioned
Smart Vision Systems,Lmitechnologies,Field Application Engineer,Not mentioned,https://lmitechnologies.applytojob.com/apply/utsTxzQrJ8/Field-Application-Engineer,Not mentioned,Not mentioned,Not mentioned
Smart Vision Systems,Lmitechnologies,Field Application Engineer (Liberty Robotics),Not mentioned,https://lmitechnologies.applytojob.com/apply/ZIu20OaqRi/Field-Application-Engineer-Liberty-Robotics,Hybrid,Not mentioned,Not mentioned
Smart Vision Systems,Lmitechnologies,Mechanical Product Designer II,Not mentioned,https://lmitechnologies.applytojob.com/apply/JsxVrP3OA1/Mechanical-Product-Designer-II,Hybrid,Not mentioned,Not mentioned
Smart Vision Systems,Alliedvision,Customs Specialist (m/f/d),Not mentioned,https://www.alliedvision.com/en/career/jobs/detail/customs-specialist-mfd/,Not mentioned,Not mentioned,Not mentioned
Smart Vision Systems,Lmitechnologies,Your Career in 3D Starts HereCurrent Openings,Not mentioned,http://lmitechnologies.applytojob.com/apply/,Not mentioned,Not mentioned,Not mentioned
Smart Vision Systems,Alliedvision,Your tasksYour profileYour benefitsGot any questions? We are here for you.,Not mentioned,https://www.alliedvision.com/en/career/jobs/detail/unsolicited-application-europe/,Not mentioned,Not mentioned,Not mentioned
Smart Vision Systems,Lmitechnologies,Automation Technician II,Not mentioned,https://lmitechnologies.applytojob.com/apply/3mfyb3Eavm/Automation-Technician-II,Not mentioned,Not mentioned,Not mentioned
Smart Vision Systems,Jobs,Unsolicited application Europe,Not mentioned,https://jobs.alliedvision.com/persis/public?fn=bm.jobs.form&projectID=37419239&configKey=(BE(SW50ZXJuZXQ(1&referrer=website_EN&pd_id=PD_M3M2YmtEakFZbkRkbWUxUlNlMHU5UT09&__rdf=1,Not mentioned,Not mentioned,Not mentioned
Smart Vision Systems,Alliedvision,Job Opportunities No matching job found? Send us a proactive job application! ご質問が御座いましたら お気軽にお問合せ下さい。,Not mentioned,https://www.alliedvision.com/jp/career/jobs/,Not mentioned,Not mentioned,Not mentioned
Smart Vision Systems,Lmitechnologies,Lead Mechanical (Automation) Engineer,Not mentioned,https://lmitechnologies.applytojob.com/apply/Bvw27rMpUI/Lead-Mechanical-Automation-Engineer,Hybrid,Not mentioned,Not mentioned
Smart Vision Systems,Alliedvision,Strategic Purchaser (m/f/d) Image Sensors & Optical Components,Not mentioned,https://www.alliedvision.com/en/career/jobs/detail/team-lead-purchasing-mechanics-accessories-mfd/,Hybrid,Not mentioned,Not mentioned
Smart Vision Systems,Lmitechnologies,Field Application Engineer,Not mentioned,https://lmitechnologies.applytojob.com/apply/T0Ox8DyFux/Field-Application-Engineer,Not mentioned,Not mentioned,Not mentioned
Smart Vision Systems,Alliedvision,Application/ Technical Engineer (m/f/d),Not mentioned,https://www.alliedvision.com/en/career/jobs/detail/application-technical-engineer-mfd/,Not mentioned,Not mentioned,Not mentioned
Smart Vision Systems,Lmitechnologies,Vision Software Engineer,Not mentioned,https://lmitechnologies.applytojob.com/apply/4KHDOYLcNB/Vision-Software-Engineer,Not mentioned,Not mentioned,Not mentioned
Smart Vision Systems,Mextal,Field Engineer,Not mentioned,https://www.mextal.com/vacatures/field-engineer/,Remote,Not mentioned,Not mentioned
Smart Vision Systems,Alliedvision,Career Love where you work How we work The focus is on the employee Onboarding Personal development Feedback discussions Health Management Why Allied ,Not mentioned,https://www.alliedvision.com/en/about-us/career/,Not mentioned,Not mentioned,Not mentioned
Smart Vision Systems,Lmitechnologies,Field Application Engineer,Not mentioned,https://lmitechnologies.applytojob.com/apply/hpIPATeH1b/Field-Application-Engineer,Not mentioned,Not mentioned,Not mentioned
Smart Vision Systems,Mextal,Netwerk Engineer,Not mentioned,https://www.mextal.com/vacatures/netwerk-engineer/,Hybrid,Not mentioned,Not mentioned
Smart Vision Systems,Lmitechnologies,Vision Software QA Specialist,Not mentioned,https://lmitechnologies.applytojob.com/apply/lcQkNkIB4f/Vision-Software-QA-Specialist,Not mentioned,Not mentioned,Not mentioned
Other,Alliedvision,开放职位 没有匹配的工作岗位？您可以主动发送求职简历给我们！ 有疑问？ 我们乐意为您提供帮助。,Not mentioned,https://www.alliedvision.cn/cn/career/jobs-1/,Not mentioned,Not mentioned,Not mentioned
Smart Vision Systems,Mextal,Accountmanager,Not mentioned,https://www.mextal.com/vacatures/accountmanager/,Remote,Not mentioned,Not mentioned
Smart Vision Systems,Lmitechnologies,Solution Project Engineer,Not mentioned,https://lmitechnologies.applytojob.com/apply/CBly0ahDKC/Solution-Project-Engineer,Not mentioned,Not mentioned,Not mentioned
Smart Manufacturing Systems,Vmi,Manager Order Engineering – Passenger Tire,Not mentioned,https://careers-vmi.com/vacature/manager-order-engineering-passenger-tire/,Not mentioned,Not mentioned,Not mentioned
Smart Vision Systems,Alliedvision,Software Developer (m/f/d),Not mentioned,https://www.alliedvision.com/en/career/jobs/detail/software-developer-mfd/,Hybrid,Not mentioned,Not mentioned
Smart Connectivity Systems,Ee-Cables,Co-operative Training to Engineer level at E&E Kabeltechnik,Not mentioned,https://ee-cables.com/en/jobs/dual-university-course/,Hybrid,Not mentioned,Not mentioned
Smart Vision Systems,Lmitechnologies,Solution Project Engineer,Not mentioned,https://lmitechnologies.applytojob.com/apply/DrcXd3trI6/Solution-Project-Engineer,Not mentioned,Not mentioned,Not mentioned
Smart Connectivity Systems,Isolectra,Vacatures,Not mentioned,https://isolectra.nl/nl/over-ons/vacatures/,Not mentioned,Not mentioned,Not mentioned
Smart Manufacturing Systems,Vmi,Onderzoeksstage Cost Engineering – Buislaser Technologie,Not mentioned,https://careers-vmi.com/vacature/onderzoeksstage-cost-engineering-verbindingen-voor-buislaser-toepassingen/,Not mentioned,Not mentioned,Not mentioned
Smart Connectivity Systems,Ee-Cables,Work Experience at the cable manufacturer E&E Cable Solutions,Not mentioned,https://ee-cables.com/en/jobs/work-experience/,Hybrid,Not mentioned,Not mentioned
Smart Manufacturing Systems,Vmi,Vakgebieden,Not mentioned,https://careers-vmi.com/vakgebieden/,Not mentioned,Not mentioned,Not mentioned
Smart Connectivity Systems,Ee-Cables,We are looking forward to meeting you!,Not mentioned,https://ee-cables.com/en/jobs/information-for-applicants/,Hybrid,Not mentioned,Not mentioned
Smart Manufacturing Systems,Vmi,Onderzoeksstage – R&D – Style guide,Not mentioned,https://careers-vmi.com/vacature/onderzoeksstage-digital-engineering-style-guide/,On-site,Not mentioned,Not mentioned
Smart Connectivity Systems,Ee-Cables,Karriere,Not mentioned,https://ee-cables.com/karriere/,Hybrid,Not mentioned,Not mentioned
Smart Manufacturing Systems,Vmi,BOL & BBL,Not mentioned,https://careers-vmi.com/stages/bol-bbl/,Not mentioned,Not mentioned,Not mentioned
Smart Connectivity Systems,Ee-Cables,Professional Training at E&E Cable Solutions,Not mentioned,https://ee-cables.com/en/jobs/professional-training/,Hybrid,Not mentioned,Not mentioned
Smart Manufacturing Systems,Vmi,Duurzame inzetbaarheid & MVO,Not mentioned,https://careers-vmi.com/vmi-als-werkgever/duurzame-inzetbaarheid/,Not mentioned,Not mentioned,Not mentioned
Smart Manufacturing Systems,Vmi,Verhalen,Not mentioned,https://careers-vmi.com/verhalen/,Not mentioned,Not mentioned,Not mentioned
Smart Manufacturing Systems,Vmi,VMI als werkgever,Not mentioned,https://careers-vmi.com/vmi-als-werkgever/,Not mentioned,Not mentioned,Not mentioned
Smart Manufacturing Systems,Vmi,Research assignment – PLC Version Control,Not mentioned,https://careers-vmi.com/vacature/research-assignment-version-control/,Not mentioned,Not mentioned,Not mentioned
Smart Manufacturing Systems,Vmi,Stages,Not mentioned,https://careers-vmi.com/stages/,Not mentioned,Not mentioned,Not mentioned
Smart Manufacturing Systems,Vmi,Afstudeeropdracht – Duurzaamheid,Not mentioned,https://careers-vmi.com/vacature/onderzoeksstage-duurzaamheid/,Not mentioned,Not mentioned,Not mentioned
Smart Manufacturing Systems,Vmi,Productie,Not mentioned,https://careers-vmi.com/vakgebied/productie/,Not mentioned,Not mentioned,Not mentioned
Smart Manufacturing Systems,Vmi,Electrical Engineer – Order Engineering,Not mentioned,https://careers-vmi.com/vacature/electrical-engineer-order-engineering/,Remote,Not mentioned,Not mentioned
Smart Manufacturing Systems,Vmi,Research internship R&D – Smart Bobbin Loading System,Not mentioned,https://careers-vmi.com/vacature/research-internship-rd-automatic-bobbin-loading-system/,Remote,Not mentioned,Not mentioned
Smart Manufacturing Systems,Vmi,Perron038,Not mentioned,https://careers-vmi.com/stages/perron038/,Not mentioned,Not mentioned,Not mentioned
Smart Manufacturing Systems,Vmi,Introductie & Onboarding stagiairs,Not mentioned,https://careers-vmi.com/stages/introductie-onboarding-stagiairs/,Not mentioned,Not mentioned,Not mentioned
Smart Manufacturing Systems,Vmi,Business Controller,Not mentioned,https://careers-vmi.com/vacature/business-controller/,Not mentioned,Not mentioned,Not mentioned
Smart Manufacturing Systems,Vmi,Meewerkstage – VMI Academy,Not mentioned,https://careers-vmi.com/vacature/meewerkstage-vmi-academy/,Not mentioned,Not mentioned,Not mentioned
Smart Manufacturing Systems,Vmi,Research internship R&D – Gear pump efficiency,Not mentioned,https://careers-vmi.com/vacature/research-internship-rd-prediction-of-gear-pump-efficiency/,Remote,Not mentioned,Not mentioned
Smart Manufacturing Systems,Vmi,Research internship – Case design tooling,Not mentioned,https://careers-vmi.com/vacature/research-internship-i-case-design-tooling/,Not mentioned,Not mentioned,Not mentioned
Smart Manufacturing Systems,Vmi,Onderzoeksstage – Testopstelling Ovenbandgeleiding,Not mentioned,https://careers-vmi.com/vacature/onderzoeksstage-i-testopstelling-ovenbandgeleiding/,Not mentioned,Not mentioned,Not mentioned
Smart Manufacturing Systems,Vmi,Introductie & Onboarding,Not mentioned,https://careers-vmi.com/vmi-als-werkgever/introductie-onboarding/,Not mentioned,Not mentioned,Not mentioned
Smart Manufacturing Systems,Vmi,Cultuur,Not mentioned,https://careers-vmi.com/vmi-als-werkgever/cultuur/,Not mentioned,Not mentioned,Not mentioned
Smart Manufacturing Systems,Vmi,Engineering,Not mentioned,https://careers-vmi.com/vakgebied/engineering/,Remote,Not mentioned,Not mentioned
Smart Manufacturing Systems,Vmi,Senior Remote Support Engineer,Not mentioned,https://careers-vmi.com/vacature/senior-remote-support-engineer/,Remote,Not mentioned,Not mentioned
Corporate,Careers,Thesis Internship - 2026 H1,Not mentioned,https://careers.tkh.ai/o/thesis-internship-2026-h1,Hybrid,Not mentioned,Not mentioned
Corporate,Careers,Medior/Senior AI Engineer,Not mentioned,https://careers.tkh.ai/o/mediorsenior-ai-engineer,Hybrid,Not mentioned,Not mentioned
Smart Manufacturing Systems,Vmi,Research internship R&D – Drum design,Not mentioned,https://careers-vmi.com/vacature/research-internship-rd-drum-design-for-high-speed-brake-unit/,Remote,Not mentioned,Not mentioned
Smart Connectivity Systems,Careers,Select which cookies you accept,Not mentioned,https://careers.tkh-airportsolutions.com/en/connect/login,Not mentioned,Not mentioned,Not mentioned
Smart Manufacturing Systems,Vmi,Secundaire arbeidsvoorwaarden,Not mentioned,https://careers-vmi.com/vmi-als-werkgever/secundaire-arbeidsvoorwaarden/,Not mentioned,Not mentioned,Not mentioned
Smart Connectivity Systems,Careers,Select which cookies you accept,Not mentioned,https://careers.tkh-airportsolutions.com/departments/it,Not mentioned,Not mentioned,Not mentioned
Smart Manufacturing Systems,Vmi,Contact,Not mentioned,https://careers-vmi.com/contact/,Not mentioned,Not mentioned,Not mentioned
Smart Connectivity Systems,Careers,Select which cookies you accept,Not mentioned,https://careers.tkh-airportsolutions.com/departments/hr,Hybrid,Not mentioned,Not mentioned
Smart Manufacturing Systems,Vmi,Werken & Leren,Not mentioned,https://careers-vmi.com/vmi-als-werkgever/werken-leren/,Not mentioned,Not mentioned,Not mentioned
Smart Connectivity Systems,Careers,Select which cookies you accept,Not mentioned,https://careers.tkh-airportsolutions.com/departments,Not mentioned,Not mentioned,Not mentioned
Smart Manufacturing Systems,Vmi,Global Manager QEHS,Not mentioned,https://careers-vmi.com/vacature/global-manager-qehs/,Not mentioned,Not mentioned,Not mentioned
Smart Connectivity Systems,Careers,Select which cookies you accept,Not mentioned,https://careers.tkh-airportsolutions.com/stories,Not mentioned,Not mentioned,Not mentioned
Smart Manufacturing Systems,Vmi,Meewerkstage Global Service – Upgrade Calculator Tool,Not mentioned,https://careers-vmi.com/vacature/meewerkstage-global-service-opbrengt-van-een-investering-tool/,Not mentioned,Not mentioned,Not mentioned
Smart Connectivity Systems,Careers,Select which cookies you accept,Not mentioned,https://careers.tkh-airportsolutions.com/departments/r-d,Not mentioned,Not mentioned,Not mentioned
Smart Connectivity Systems,Careers,Select which cookies you accept,Not mentioned,https://careers.tkh-airportsolutions.com/departments/design-project,Not mentioned,Not mentioned,Not mentioned
Smart Connectivity Systems,Careers,Select which cookies you accept,Not mentioned,https://careers.tkh-airportsolutions.com/jobs/4601798-open-application-internship,Hybrid,2024-06-12T11:44:03+,Not mentioned
Smart Connectivity Systems,Careers,Select which cookies you accept,Not mentioned,https://careers.tkh-airportsolutions.com/jobs,Hybrid,Not mentioned,Not mentioned
Smart Connectivity Systems,Careers,Select which cookies you accept,Not mentioned,https://careers.tkh-airportsolutions.com/jobs/6120536-system-test-engineer,Not mentioned,2025-07-01T15:54:02+,Not mentioned
Smart Connectivity Systems,Careers,Select which cookies you accept,Not mentioned,https://careers.tkh-airportsolutions.com/jobs/6734866-regional-sales-director-agl,Remote,2025-11-10T14:23:35+,Not mentioned
Smart Connectivity Systems,Careers,Selecteer welke cookies je accepteert,Not mentioned,https://careers.tkh-airportsolutions.com/nl,Hybrid,Not mentioned,Not mentioned
Smart Connectivity Systems,Careers,Select which cookies you accept,Not mentioned,https://careers.tkh-airportsolutions.com/,Hybrid,Not mentioned,Not mentioned
Smart Connectivity Systems,Careers,Select which cookies you accept,Not mentioned,https://careers.tkh-airportsolutions.com/departments/marketing,Hybrid,Not mentioned,Not mentioned
Smart Connectivity Systems,Careers,Select which cookies you accept,Not mentioned,https://careers.tkh-airportsolutions.com/jobs/6536136-intern-marketing,Hybrid,2025-09-30T10:37:34+,Not mentioned
